[{"model": "menu.restaurant", "pk": 1, "fields": {"name": "Napolizza", "number": "ABC", "address": "", "addressLink": "https://www.google.com/maps/place/Napolizza/@45.0373284,0.3678008,17z/data=!4m6!3m5!1s0x47ff8b556f98d6c5:0x70d9ab37f0c22a0d!8m2!3d45.0373284!4d0.3678008!16s%2Fg%2F11s2ysvpky?hl=fr&entry=ttu"}}, {"model": "menu.category", "pk": 1, "fields": {"name": "Menu du jour", "shortDescription": null, "restaurant": 1, "order": 1}}, {"model": "menu.category", "pk": 2, "fields": {"name": "Les sushis", "shortDescription": null, "restaurant": 1, "order": 3}}, {"model": "menu.category", "pk": 4, "fields": {"name": "Pizzas", "shortDescription": null, "restaurant": 1, "order": 2}}, {"model": "menu.categoryelement", "pk": 1, "fields": {"category": 1, "name": "test", "description": "Description de l'élément de catégorie", "order": 1, "extras": []}}, {"model": "menu.categoryelement", "pk": 2, "fields": {"category": 4, "name": "Menu Pizza", "description": "", "order": 1, "extras": []}}, {"model": "menu.categoryelement", "pk": 3, "fields": {"category": 4, "name": null, "description": null, "order": 2, "extras": []}}, {"model": "menu.categoryelement", "pk": 4, "fields": {"category": 2, "name": "Menu Bonheur", "description": "Servi avec deux accompagnements au choix", "order": 1, "extras": []}}, {"model": "menu.categoryelement", "pk": 8, "fields": {"category": 4, "name": null, "description": null, "order": 3, "extras": []}}, {"model": "menu.categoryelement", "pk": 9, "fields": {"category": 4, "name": "Pizza Customisable", "description": "PC", "order": 4, "extras": []}}, {"model": "menu.formulaextraprice", "pk": 1, "fields": {"food": 14, "categoryElement": 1, "price": 3.0}}, {"model": "menu.formulaextraprice", "pk": 3, "fields": {"food": 13, "categoryElement": 1, "price": 2.0}}, {"model": "menu.formulaextraprice", "pk": 13, "fields": {"food": 5, "categoryElement": 1, "price": 10.0}}, {"model": "menu.formulaextraprice", "pk": 17, "fields": {"food": 9, "categoryElement": 1, "price": 5.0}}, {"model": "menu.food", "pk": 1, "fields": {"name": "sauce tomate", "shortName": "", "description": "", "type": "INGREDIENT"}}, {"model": "menu.food", "pk": 2, "fields": {"name": "base crème", "shortName": "", "description": "", "type": "INGREDIENT"}}, {"model": "menu.food", "pk": 3, "fields": {"name": "base au choix", "shortName": "BAC", "description": "", "type": "CATEGORY_I"}}, {"model": "menu.food", "pk": 4, "fields": {"name": "pizza", "shortName": "", "description": "", "type": "CATEGORY_D"}}, {"model": "menu.food", "pk": 5, "fields": {"name": "mozzarella", "shortName": "", "description": "", "type": "INGREDIENT"}}, {"model": "menu.food", "pk": 6, "fields": {"name": "Margharita", "shortName": "", "description": "", "type": "DISH"}}, {"model": "menu.food", "pk": 7, "fields": {"name": "dessert", "shortName": "", "description": "", "type": "CATEGORY_D"}}, {"model": "menu.food", "pk": 8, "fields": {"name": "tiramisu", "shortName": "", "description": "", "type": "DISH"}}, {"model": "menu.food", "pk": 9, "fields": {"name": "tarte citron", "shortName": "", "description": "", "type": "DISH"}}, {"model": "menu.food", "pk": 10, "fields": {"name": "lasagnes", "shortName": "", "description": "", "type": "DISH"}}, {"model": "menu.food", "pk": 11, "fields": {"name": "Reine", "shortName": "", "description": "", "type": "DISH"}}, {"model": "menu.food", "pk": 12, "fields": {"name": "pizza customisable", "shortName": "", "description": "", "type": "DISH"}}, {"model": "menu.food", "pk": 13, "fields": {"name": "garniture", "shortName": "", "description": "", "type": "CATEGORY_I"}}, {"model": "menu.food", "pk": 14, "fields": {"name": "entrecôte", "shortName": "", "description": "", "type": "DISH"}}, {"model": "menu.food", "pk": 15, "fields": {"name": "plat du jour", "shortName": "", "description": "", "type": "CATEGORY_D"}}, {"model": "menu.food", "pk": 16, "fields": {"name": "basilic", "shortName": "", "description": "", "type": "INGREDIENT"}}, {"model": "menu.food", "pk": 23, "fields": {"name": "emmental", "shortName": "", "description": "", "type": "INGREDIENT"}}, {"model": "menu.food", "pk": 36, "fields": {"name": "fromage", "shortName": "", "description": "", "type": "CATEGORY_I"}}, {"model": "menu.food", "pk": 50, "fields": {"name": "california saumon avocat", "shortName": "", "description": "", "type": "DISH"}}, {"model": "menu.food", "pk": 65, "fields": {"name": "california thon avocat", "shortName": "", "description": "", "type": "DISH"}}, {"model": "menu.food", "pk": 81, "fields": {"name": " california x 6", "shortName": "", "description": "", "type": "CATEGORY_D"}}, {"model": "menu.food", "pk": 98, "fields": {"name": "soupe miso", "shortName": "", "description": "", "type": "DISH"}}, {"model": "menu.food", "pk": 116, "fields": {"name": "chou", "shortName": "", "description": "", "type": "DISH"}}, {"model": "menu.food", "pk": 135, "fields": {"name": "endamame", "shortName": "", "description": "", "type": "DISH"}}, {"model": "menu.food", "pk": 147, "fields": {"name": "test8", "shortName": "", "description": "", "type": "DISH"}}, {"model": "menu.food", "pk": 155, "fields": {"name": "entrée sushi", "shortName": "", "description": "", "type": "CATEGORY_D"}}, {"model": "menu.food", "pk": 182, "fields": {"name": "test9", "shortName": "", "description": "", "type": "DISH"}}, {"model": "menu.food", "pk": 256, "fields": {"name": "crème ail", "shortName": "", "description": "", "type": "DISH"}}, {"model": "menu.food", "pk": 257, "fields": {"name": "testroute", "shortName": "", "description": "", "type": "DISH"}}, {"model": "menu.food", "pk": 262, "fields": {"name": "zerilezkjrze", "shortName": "", "description": "", "type": "DISH"}}, {"model": "menu.food", "pk": 275, "fields": {"name": "zezklj", "shortName": "", "description": "", "type": "DISH"}}, {"model": "menu.food", "pk": 285, "fields": {"name": "crème ail", "shortName": "", "description": "", "type": "DISH"}}, {"model": "menu.food", "pk": 287, "fields": {"name": "toto", "shortName": "", "description": "", "type": "DISH"}}, {"model": "menu.food", "pk": 288, "fields": {"name": "eee", "shortName": "", "description": "", "type": "INGREDIENT"}}, {"model": "menu.food", "pk": 289, "fields": {"name": "Crème au curry", "shortName": "", "description": "", "type": "INGREDIENT"}}, {"model": "menu.food", "pk": 290, "fields": {"name": "Crème artichaut", "shortName": "", "description": "", "type": "INGREDIENT"}}, {"model": "menu.food", "pk": 291, "fields": {"name": "roquefort", "shortName": "", "description": "", "type": "INGREDIENT"}}, {"model": "menu.food", "pk": 292, "fields": {"name": "saucisson", "shortName": "", "description": "", "type": "INGREDIENT"}}, {"model": "menu.food", "pk": 293, "fields": {"name": "chèvre", "shortName": "", "description": "", "type": "INGREDIENT"}}, {"model": "menu.food", "pk": 294, "fields": {"name": "test", "shortName": "", "description": "", "type": "INGREDIENT"}}, {"model": "menu.food", "pk": 295, "fields": {"name": "Gorgonzola", "shortName": "", "description": "", "type": "INGREDIENT"}}, {"model": "menu.food", "pk": 297, "fields": {"name": "test bis", "shortName": "", "description": "", "type": "INGREDIENT"}}, {"model": "menu.food", "pk": 301, "fields": {"name": "légumes", "shortName": "", "description": "", "type": "CATEGORY_I"}}, {"model": "menu.foodelement", "pk": 5, "fields": {"quantity": 1, "parent": 4, "child": 6, "isVisible": true, "order": 1}}, {"model": "menu.foodelement", "pk": 6, "fields": {"quantity": 1, "parent": 7, "child": 8, "isVisible": true, "order": 2}}, {"model": "menu.foodelement", "pk": 7, "fields": {"quantity": 1, "parent": 7, "child": 9, "isVisible": true, "order": 1}}, {"model": "menu.foodelement", "pk": 8, "fields": {"quantity": 1, "parent": 12, "child": 3, "isVisible": true, "order": 1}}, {"model": "menu.foodelement", "pk": 9, "fields": {"quantity": 1, "parent": 10, "child": 36, "isVisible": true, "order": 1}}, {"model": "menu.foodelement", "pk": 12, "fields": {"quantity": 1, "parent": 4, "child": 11, "isVisible": true, "order": 2}}, {"model": "menu.foodelement", "pk": 13, "fields": {"quantity": 1, "parent": 15, "child": 14, "isVisible": true, "order": 1}}, {"model": "menu.foodelement", "pk": 15, "fields": {"quantity": 1, "parent": 15, "child": 10, "isVisible": true, "order": 2}}, {"model": "menu.foodelement", "pk": 16, "fields": {"quantity": 2, "parent": 15, "child": 6, "isVisible": true, "order": 3}}, {"model": "menu.foodelement", "pk": 31, "fields": {"quantity": 1, "parent": 36, "child": 23, "isVisible": true, "order": 2}}, {"model": "menu.foodelement", "pk": 42, "fields": {"quantity": 1, "parent": 36, "child": 5, "isVisible": true, "order": 1}}, {"model": "menu.foodelement", "pk": 54, "fields": {"quantity": 1, "parent": 81, "child": 65, "isVisible": true, "order": 1}}, {"model": "menu.foodelement", "pk": 66, "fields": {"quantity": 1, "parent": 81, "child": 50, "isVisible": true, "order": 2}}, {"model": "menu.foodelement", "pk": 79, "fields": {"quantity": 1, "parent": 155, "child": 98, "isVisible": true, "order": 1}}, {"model": "menu.foodelement", "pk": 93, "fields": {"quantity": 1, "parent": 155, "child": 116, "isVisible": true, "order": 2}}, {"model": "menu.foodelement", "pk": 108, "fields": {"quantity": 1, "parent": 155, "child": 135, "isVisible": true, "order": 3}}, {"model": "menu.foodelement", "pk": 260, "fields": {"quantity": 1, "parent": 65, "child": 2, "isVisible": true, "order": 0}}, {"model": "menu.foodelement", "pk": 261, "fields": {"quantity": 1, "parent": 65, "child": 16, "isVisible": true, "order": 1}}, {"model": "menu.foodelement", "pk": 262, "fields": {"quantity": 1, "parent": 65, "child": 293, "isVisible": true, "order": 2}}, {"model": "menu.foodelement", "pk": 355, "fields": {"quantity": 1, "parent": 3, "child": 1, "isVisible": true, "order": 0}}, {"model": "menu.foodelement", "pk": 356, "fields": {"quantity": 1, "parent": 3, "child": 2, "isVisible": true, "order": 1}}, {"model": "menu.foodelement", "pk": 357, "fields": {"quantity": 1, "parent": 3, "child": 288, "isVisible": true, "order": 2}}, {"model": "menu.foodelement", "pk": 358, "fields": {"quantity": 1, "parent": 13, "child": 36, "isVisible": true, "order": 0}}, {"model": "menu.foodelement", "pk": 359, "fields": {"quantity": 1, "parent": 13, "child": 16, "isVisible": true, "order": 1}}, {"model": "menu.foodelement", "pk": 369, "fields": {"quantity": 1, "parent": 301, "child": 292, "isVisible": true, "order": 0}}, {"model": "menu.foodelement", "pk": 370, "fields": {"quantity": 1, "parent": 301, "child": 5, "isVisible": true, "order": 1}}, {"model": "menu.foodelement", "pk": 371, "fields": {"quantity": 1, "parent": 301, "child": 289, "isVisible": true, "order": 2}}, {"model": "menu.foodelement", "pk": 372, "fields": {"quantity": 1, "parent": 6, "child": 3, "isVisible": true, "order": 0}}, {"model": "menu.foodelement", "pk": 373, "fields": {"quantity": 1, "parent": 6, "child": 16, "isVisible": true, "order": 2}}, {"model": "menu.foodelement", "pk": 374, "fields": {"quantity": 3, "parent": 6, "child": 290, "isVisible": true, "order": 3}}, {"model": "menu.foodelement", "pk": 375, "fields": {"quantity": 1, "parent": 6, "child": 289, "isVisible": true, "order": 4}}, {"model": "menu.foodelement", "pk": 376, "fields": {"quantity": 1, "parent": 6, "child": 36, "isVisible": true, "order": 5}}, {"model": "menu.dishelement", "pk": 1, "fields": {"name": "Plat", "categoryElement": 1, "food": 15, "order": 2}}, {"model": "menu.dishelement", "pk": 5, "fields": {"name": "Dessert", "categoryElement": 1, "food": 7, "order": 3}}, {"model": "menu.dishelement", "pk": 8, "fields": {"name": "Pizza au choix", "categoryElement": 2, "food": 4, "order": 1}}, {"model": "menu.dishelement", "pk": 12, "fields": {"name": "Dessert", "categoryElement": 2, "food": 7, "order": 2}}, {"model": "menu.dishelement", "pk": 17, "fields": {"name": "Sets au choix", "categoryElement": 4, "food": 81, "order": 2}}, {"model": "menu.dishelement", "pk": 23, "fields": {"name": "Accompagnement au choix", "categoryElement": 4, "food": 155, "order": 1}}, {"model": "menu.dishelement", "pk": 32, "fields": {"name": "Whatever", "categoryElement": 3, "food": 6, "order": 1}}, {"model": "menu.dishelement", "pk": 56, "fields": {"name": "Whatever2", "categoryElement": 8, "food": 11, "order": 1}}, {"model": "menu.dishelement", "pk": 90, "fields": {"name": "Entrée", "categoryElement": 1, "food": 6, "order": 1}}, {"model": "menu.dishelement", "pk": 100, "fields": {"name": "BAC", "categoryElement": 9, "food": 3, "order": 1}}, {"model": "menu.dishelement", "pk": 141, "fields": {"name": "Garniture", "categoryElement": 9, "food": 13, "order": 2}}, {"model": "menu.formula", "pk": 1, "fields": {"price": 12.0, "description": "Entrée + Plat", "categoryElement": 1}}, {"model": "menu.formula", "pk": 3, "fields": {"price": 14.0, "description": "Entrée + Plat + Dessert", "categoryElement": 1}}, {"model": "menu.formula", "pk": 6, "fields": {"price": 15.0, "description": "PIzza + dessert + boisson", "categoryElement": 2}}, {"model": "menu.formula", "pk": 9, "fields": {"price": 15.0, "description": "2 Garnitures au choix", "categoryElement": 9}}, {"model": "menu.formula", "pk": 10, "fields": {"price": 13.0, "description": "2 Accompagnoement + 2 sets", "categoryElement": 4}}, {"model": "menu.formula", "pk": 11, "fields": {"price": 19.0, "description": "3 Garnitures au choix", "categoryElement": 9}}, {"model": "menu.formula", "pk": 15, "fields": {"price": 16.0, "description": "2 Accompagnoement + 3 sets", "categoryElement": 4}}, {"model": "menu.formula", "pk": 21, "fields": {"price": 9.5, "description": "Pizza", "categoryElement": 3}}, {"model": "menu.formula", "pk": 28, "fields": {"price": 5.5, "description": "PIzzeti", "categoryElement": 3}}, {"model": "menu.formula", "pk": 36, "fields": {"price": 12.0, "description": "Pizza", "categoryElement": 8}}, {"model": "menu.formula", "pk": 45, "fields": {"price": 7.0, "description": "Pizzeti", "categoryElement": 8}}, {"model": "menu.formulaelement", "pk": 4, "fields": {"formula": 1, "dishElement": 90, "quantity": 2, "order": 1}}, {"model": "menu.formulaelement", "pk": 6, "fields": {"formula": 3, "dishElement": 1, "quantity": 4, "order": 1}}, {"model": "menu.formulaelement", "pk": 13, "fields": {"formula": 6, "dishElement": 8, "quantity": 1, "order": 1}}, {"model": "menu.formulaelement", "pk": 19, "fields": {"formula": 6, "dishElement": 12, "quantity": 1, "order": 2}}, {"model": "menu.formulaelement", "pk": 25, "fields": {"formula": 10, "dishElement": 23, "quantity": 2, "order": 1}}, {"model": "menu.formulaelement", "pk": 32, "fields": {"formula": 10, "dishElement": 17, "quantity": 2, "order": 2}}, {"model": "menu.formulaelement", "pk": 40, "fields": {"formula": 15, "dishElement": 23, "quantity": 2, "order": 1}}, {"model": "menu.formulaelement", "pk": 49, "fields": {"formula": 15, "dishElement": 17, "quantity": 3, "order": 2}}, {"model": "menu.formulaelement", "pk": 59, "fields": {"formula": 21, "dishElement": 32, "quantity": 1, "order": 1}}, {"model": "menu.formulaelement", "pk": 70, "fields": {"formula": 28, "dishElement": 32, "quantity": 1, "order": 2}}, {"model": "menu.formulaelement", "pk": 105, "fields": {"formula": 36, "dishElement": 56, "quantity": 1, "order": 1}}, {"model": "menu.formulaelement", "pk": 118, "fields": {"formula": 45, "dishElement": 56, "quantity": 1, "order": 2}}, {"model": "menu.formulaelement", "pk": 185, "fields": {"formula": 3, "dishElement": 5, "quantity": 5, "order": 2}}, {"model": "menu.formulaelement", "pk": 199, "fields": {"formula": 9, "dishElement": 100, "quantity": 1, "order": 1}}, {"model": "menu.formulaelement", "pk": 215, "fields": {"formula": 9, "dishElement": 141, "quantity": 2, "order": 2}}, {"model": "menu.formulaelement", "pk": 231, "fields": {"formula": 11, "dishElement": 100, "quantity": 1, "order": 1}}, {"model": "menu.formulaelement", "pk": 248, "fields": {"formula": 11, "dishElement": 141, "quantity": 3, "order": 2}}, {"model": "menu.formulaelement", "pk": 266, "fields": {"formula": 3, "dishElement": 90, "quantity": 2, "order": 4}}, {"model": "menu.formulaelement", "pk": 285, "fields": {"formula": 1, "dishElement": 1, "quantity": 2, "order": 2}}]